timestamp,ladle_id,operator,shift,radar_distance_m,filled_height_m,calculated_tons,flow_rate_tps,state
2026-02-05T13:46:56,-3,shyam,A,2.207,,,0.0,POURING
2026-02-05T13:46:58,-3,shyam,A,2.156,,,0.0,POURING
2026-02-05T13:46:58,03,shyam,A,2.152,,,0.0,POURING
2026-02-05T13:46:59,03,shyam,A,2.139,,,0.0,POURING
2026-02-05T13:47:00,03,shyam,A,2.126,,,0.0,POURING
2026-02-05T13:47:01,03,shyam,A,2.111,,,0.0,POURING
2026-02-05T13:47:02,03,shyam,A,2.098,,,0.0,POURING
2026-02-05T13:47:03,03,shyam,A,2.088,,,0.0,POURING
2026-02-05T13:47:04,03,shyam,A,2.08,,,0.0,POURING
2026-02-05T13:47:05,03,shyam,A,2.073,,,0.0,POURING
2026-02-05T13:47:06,03,shyam,A,2.065,,,0.0,POURING
2026-02-05T13:47:07,03,shyam,A,2.063,,,0.0,POURING
2026-02-05T13:47:08,03,shyam,A,2.059,,,0.0,POURING
2026-02-05T13:47:09,03,shyam,A,2.054,,,0.0,POURING
2026-02-05T13:47:10,03,shyam,A,2.054,,,0.0,POURING
2026-02-05T13:47:11,03,shyam,A,2.049,,,0.0,POURING
2026-02-05T13:47:12,03,shyam,A,2.047,,,0.0,POURING
2026-02-05T13:47:13,03,shyam,A,2.044,,,0.0,POURING
2026-02-05T13:47:14,03,shyam,A,2.041,,,0.0,POURING
2026-02-05T13:47:15,03,shyam,A,2.041,,,0.0,POURING
2026-02-05T13:47:16,03,shyam,A,2.041,,,0.0,POURING
2026-02-05T13:47:17,03,shyam,A,2.041,,,0.0,POURING
2026-02-05T13:47:18,03,shyam,A,2.046,,,0.0,POURING
2026-02-05T13:47:19,03,shyam,A,2.043,,,0.0,POURING
2026-02-05T13:47:20,03,shyam,A,2.036,,,0.0,POURING
2026-02-05T13:47:21,03,shyam,A,2.032,,,0.0,POURING
2026-02-05T13:47:22,03,shyam,A,2.031,,,0.0,POURING
2026-02-05T13:47:23,03,shyam,A,2.03,,,0.0,POURING
2026-02-05T13:47:24,03,shyam,A,2.029,,,0.0,POURING
2026-02-05T13:47:25,03,shyam,A,2.028,,,0.0,POURING
2026-02-05T13:47:26,03,shyam,A,2.028,,,0.0,POURING
2026-02-05T13:47:27,03,shyam,A,2.027,,,0.0,POURING
2026-02-05T13:47:28,03,shyam,A,2.026,,,0.0,POURING
2026-02-05T13:47:29,03,shyam,A,2.026,,,0.0,POURING
2026-02-05T13:47:30,03,shyam,A,2.026,,,0.0,POURING
2026-02-05T13:47:31,03,shyam,A,2.026,,,0.0,POURING
2026-02-05T13:47:32,03,shyam,A,2.025,,,0.0,POURING
2026-02-05T13:47:33,03,shyam,A,2.025,,,0.0,POURING
2026-02-05T13:47:34,03,shyam,A,2.025,,,0.0,POURING
2026-02-05T13:47:35,03,shyam,A,2.025,,,0.0,POURING
2026-02-05T13:47:36,03,shyam,A,2.025,,,0.0,POURING
2026-02-05T13:47:37,03,shyam,A,2.025,,,0.0,POURING
2026-02-05T13:47:38,03,shyam,A,2.025,,,0.0,POURING
2026-02-05T13:47:39,03,shyam,A,2.025,,,0.0,POURING
2026-02-05T13:47:40,03,shyam,A,2.025,,,0.0,POURING
2026-02-05T13:47:41,03,shyam,A,2.025,,,0.0,POURING
2026-02-05T13:47:42,03,shyam,A,2.025,,,0.0,POURING
2026-02-05T13:47:43,03,shyam,A,2.024,,,0.0,POURING
2026-02-05T13:47:44,03,shyam,A,2.024,,,0.0,POURING
2026-02-05T13:47:45,03,shyam,A,2.024,,,0.0,POURING
2026-02-05T13:47:46,03,shyam,A,2.024,,,0.0,POURING
2026-02-05T13:47:47,03,shyam,A,2.024,,,0.0,POURING
2026-02-05T13:47:48,03,shyam,A,2.024,,,0.0,POURING
2026-02-05T13:47:49,03,shyam,A,2.024,,,0.0,POURING
2026-02-05T13:47:50,03,shyam,A,2.024,,,0.0,POURING
2026-02-05T13:47:51,03,shyam,A,2.024,,,0.0,POURING
2026-02-05T13:47:52,03,shyam,A,2.024,,,0.0,POURING
2026-02-05T13:47:53,03,shyam,A,2.024,,,0.0,POURING
2026-02-05T13:47:54,03,shyam,A,2.024,,,0.0,POURING
2026-02-05T13:47:55,03,shyam,A,2.024,,,0.0,POURING
2026-02-05T13:47:56,03,shyam,A,2.024,,,0.0,POURING
2026-02-05T13:47:57,03,shyam,A,2.024,,,0.0,POURING
2026-02-05T13:47:58,03,shyam,A,2.024,,,0.0,POURING
2026-02-05T13:47:59,03,shyam,A,2.024,,,0.0,POURING
2026-02-05T13:48:00,03,shyam,A,2.024,,,0.0,POURING
2026-02-05T13:48:01,03,shyam,A,2.024,,,0.0,POURING
2026-02-05T13:48:01,03,shyam,A,2.024,,,0.0,POURING
2026-02-05T13:48:02,03,shyam,A,2.024,,,0.0,POURING
2026-02-05T13:48:03,03,shyam,A,2.024,,,0.0,POURING
2026-02-05T13:48:04,03,shyam,A,2.024,,,0.0,POURING
2026-02-05T13:48:05,03,shyam,A,2.024,,,0.0,POURING
2026-02-05T13:48:06,03,shyam,A,2.024,,,0.0,POURING
2026-02-05T13:48:07,03,shyam,A,2.024,,,0.0,POURING
2026-02-05T13:48:08,03,shyam,A,2.024,,,0.0,POURING
2026-02-05T13:48:09,03,shyam,A,2.024,,,0.0,POURING
2026-02-05T13:48:10,03,shyam,A,2.024,,,0.0,POURING
2026-02-05T13:48:11,03,shyam,A,2.024,,,0.0,POURING
2026-02-05T13:48:12,03,shyam,A,2.024,,,0.0,POURING
2026-02-05T13:48:13,03,shyam,A,2.024,,,0.0,POURING
2026-02-05T13:48:14,03,shyam,A,2.024,,,0.0,POURING
2026-02-05T13:48:15,03,shyam,A,2.024,,,0.0,POURING
2026-02-05T13:48:16,03,shyam,A,2.024,,,0.0,POURING
2026-02-05T13:48:17,03,shyam,A,2.024,,,0.0,POURING
2026-02-05T13:48:18,03,shyam,A,2.024,,,0.0,POURING
2026-02-05T13:48:19,03,shyam,A,2.024,,,0.0,POURING
2026-02-05T13:48:20,03,shyam,A,2.024,,,0.0,POURING
2026-02-05T13:48:21,03,shyam,A,2.024,,,0.0,POURING
2026-02-05T13:48:22,03,shyam,A,2.024,,,0.0,POURING
2026-02-05T13:48:23,03,shyam,A,2.024,,,0.0,POURING
2026-02-05T13:48:24,03,shyam,A,2.024,,,0.0,POURING
2026-02-05T13:48:25,03,shyam,A,2.024,,,0.0,POURING
2026-02-05T13:48:26,03,shyam,A,2.024,,,0.0,POURING
2026-02-05T13:48:27,03,shyam,A,2.024,,,0.0,POURING
2026-02-05T13:48:28,03,shyam,A,2.024,,,0.0,POURING
2026-02-05T13:48:29,03,shyam,A,2.024,,,0.0,POURING
2026-02-05T13:48:30,03,shyam,A,2.024,,,0.0,POURING
2026-02-05T13:48:31,03,shyam,A,2.024,,,0.0,POURING
2026-02-05T13:48:32,03,shyam,A,2.024,,,0.0,POURING
2026-02-05T13:48:33,03,shyam,A,2.024,,,0.0,POURING
2026-02-05T13:48:34,03,shyam,A,2.024,,,0.0,POURING
2026-02-05T13:48:35,03,shyam,A,2.024,,,0.0,POURING
2026-02-05T13:48:36,03,shyam,A,2.024,,,0.0,POURING
2026-02-05T13:48:37,03,shyam,A,2.024,,,0.0,POURING
2026-02-05T13:48:38,03,shyam,A,2.024,,,0.0,POURING
2026-02-05T13:48:39,03,shyam,A,2.024,,,0.0,POURING
2026-02-05T13:48:40,03,shyam,A,2.024,,,0.0,POURING
2026-02-05T13:48:41,03,shyam,A,2.024,,,0.0,POURING
2026-02-05T13:48:42,03,shyam,A,2.024,,,0.0,POURING
2026-02-05T13:48:43,03,shyam,A,2.024,,,0.0,POURING
2026-02-05T13:48:44,03,shyam,A,2.024,,,0.0,POURING
2026-02-05T13:48:45,03,shyam,A,2.024,,,0.0,POURING
2026-02-05T13:48:46,03,shyam,A,2.024,,,0.0,POURING
2026-02-05T13:48:47,03,shyam,A,2.024,,,0.0,POURING
2026-02-05T13:48:48,03,shyam,A,2.024,,,0.0,POURING
2026-02-05T13:48:49,03,shyam,A,2.024,,,0.0,POURING
2026-02-05T13:48:50,03,shyam,A,2.024,,,0.0,POURING
2026-02-05T13:48:51,03,shyam,A,2.024,,,0.0,POURING
2026-02-05T13:48:52,03,shyam,A,2.024,,,0.0,POURING
2026-02-05T13:48:53,03,shyam,A,2.024,,,0.0,POURING
2026-02-05T13:48:54,03,shyam,A,2.024,,,0.0,POURING
2026-02-05T13:48:55,03,shyam,A,2.024,,,0.0,POURING
2026-02-05T13:48:56,03,shyam,A,2.024,,,0.0,POURING
2026-02-05T13:48:57,03,shyam,A,2.024,,,0.0,POURING
2026-02-05T13:48:58,03,shyam,A,2.541,,,0.0,POURING
2026-02-05T13:48:59,03,shyam,A,3.139,,,0.0,POURING
2026-02-05T13:49:00,03,shyam,A,3.29,,,0.0,POURING
2026-02-05T13:49:01,03,shyam,A,3.419,,,0.0,POURING
2026-02-05T13:49:02,03,shyam,A,3.512,,,0.0,POURING
2026-02-05T13:49:03,03,shyam,A,3.624,,,0.0,POURING
2026-02-05T13:49:04,03,shyam,A,3.715,,,0.0,POURING
2026-02-05T13:49:05,03,shyam,A,3.789,,,0.0,POURING
2026-02-05T13:49:06,03,shyam,A,3.85,,,0.0,POURING
2026-02-05T13:49:07,03,shyam,A,3.89,,,0.0,POURING
2026-02-05T13:49:08,03,shyam,A,3.932,,,0.0,POURING
2026-02-05T13:49:09,03,shyam,A,3.966,,,0.0,POURING
2026-02-05T13:49:10,03,shyam,A,3.989,,,0.0,POURING
2026-02-05T13:49:11,03,shyam,A,4.017,,,0.0,POURING
2026-02-05T13:49:12,03,shyam,A,4.032,,,0.0,POURING
2026-02-05T13:49:13,03,shyam,A,4.048,,,0.0,POURING
2026-02-05T13:49:14,03,shyam,A,4.058,,,0.0,POURING
2026-02-05T13:49:15,03,shyam,A,4.069,,,0.0,POURING
2026-02-05T13:49:16,03,shyam,A,4.076,,,0.0,POURING
2026-02-05T13:49:17,03,shyam,A,4.083,,,0.0,POURING
2026-02-05T13:49:18,03,shyam,A,4.088,,,0.0,POURING
2026-02-05T13:49:19,03,shyam,A,4.093,,,0.0,POURING
2026-02-05T13:49:20,03,shyam,A,4.097,,,0.0,POURING
2026-02-05T13:49:21,03,shyam,A,4.1,,,0.0,POURING
2026-02-05T13:49:22,03,shyam,A,4.103,,,0.0,POURING
2026-02-05T13:49:23,03,shyam,A,4.105,,,0.0,POURING
2026-02-05T13:49:24,03,shyam,A,4.107,,,0.0,POURING
2026-02-05T13:49:25,03,shyam,A,4.109,,,0.0,POURING
2026-02-05T13:49:26,03,shyam,A,4.11,,,0.0,POURING
2026-02-05T13:49:27,03,shyam,A,4.111,,,0.0,POURING
2026-02-05T13:49:28,03,shyam,A,4.112,,,0.0,POURING
2026-02-05T13:49:29,03,shyam,A,4.113,,,0.0,POURING
2026-02-05T13:49:30,03,shyam,A,4.114,,,0.0,POURING
2026-02-05T13:49:31,03,shyam,A,4.114,,,0.0,POURING
2026-02-05T13:49:32,03,shyam,A,4.115,,,0.0,POURING
2026-02-05T13:49:33,03,shyam,A,4.115,,,0.0,POURING
2026-02-05T13:49:34,03,shyam,A,4.115,,,0.0,POURING
2026-02-05T13:49:35,03,shyam,A,4.116,,,0.0,POURING
2026-02-05T13:49:36,03,shyam,A,4.116,,,0.0,POURING
2026-02-05T13:49:37,03,shyam,A,4.116,,,0.0,POURING
2026-02-05T13:49:38,03,shyam,A,4.116,,,0.0,POURING
2026-02-05T13:49:39,03,shyam,A,4.117,,,0.0,POURING
2026-02-05T13:49:40,03,shyam,A,4.117,,,0.0,POURING
2026-02-05T13:49:41,03,shyam,A,4.117,,,0.0,POURING
2026-02-05T13:49:42,03,shyam,A,4.117,,,0.0,POURING
2026-02-05T13:49:43,03,shyam,A,4.117,,,0.0,POURING
2026-02-05T13:49:44,03,shyam,A,4.117,,,0.0,POURING
2026-02-05T13:49:45,03,shyam,A,4.117,,,0.0,POURING
2026-02-05T13:49:46,03,shyam,A,4.117,,,0.0,POURING
2026-02-05T13:49:47,03,shyam,A,4.117,,,0.0,POURING
2026-02-05T13:49:48,03,shyam,A,4.117,,,0.0,POURING
2026-02-05T13:49:49,03,shyam,A,4.117,,,0.0,POURING
2026-02-05T13:49:50,03,shyam,A,4.117,,,0.0,POURING
2026-02-05T13:49:51,03,shyam,A,4.117,,,0.0,POURING
2026-02-05T13:49:52,03,shyam,A,4.117,,,0.0,POURING
2026-02-05T13:49:53,03,shyam,A,4.117,,,0.0,POURING
2026-02-05T13:49:54,03,shyam,A,4.117,,,0.0,POURING
2026-02-05T13:49:55,03,shyam,A,4.117,,,0.0,POURING
2026-02-05T13:49:56,03,shyam,A,4.117,,,0.0,POURING
2026-02-05T13:49:57,03,shyam,A,4.117,,,0.0,POURING
2026-02-05T13:49:58,03,shyam,A,4.117,,,0.0,POURING
2026-02-05T13:49:59,03,shyam,A,4.117,,,0.0,POURING
2026-02-05T13:50:00,03,shyam,A,4.117,,,0.0,POURING
2026-02-05T13:50:01,03,shyam,A,4.117,,,0.0,POURING
2026-02-05T13:50:02,03,shyam,A,4.117,,,0.0,POURING
2026-02-05T13:50:03,03,shyam,A,4.117,,,0.0,POURING
2026-02-05T13:50:04,03,shyam,A,4.117,,,0.0,POURING
2026-02-05T13:50:05,03,shyam,A,4.117,,,0.0,POURING
2026-02-05T13:50:06,03,shyam,A,4.117,,,0.0,POURING
2026-02-05T13:50:07,03,shyam,A,4.117,,,0.0,POURING
2026-02-05T13:50:08,03,shyam,A,4.117,,,0.0,POURING
2026-02-05T13:50:09,03,shyam,A,4.117,,,0.0,POURING
2026-02-05T13:50:10,03,shyam,A,4.117,,,0.0,POURING
2026-02-05T13:50:11,03,shyam,A,4.117,,,0.0,POURING
2026-02-05T13:50:12,03,shyam,A,4.117,,,0.0,POURING
2026-02-05T13:50:13,03,shyam,A,4.117,,,0.0,POURING
2026-02-05T13:50:14,03,shyam,A,4.117,,,0.0,POURING
2026-02-05T13:50:15,03,shyam,A,4.117,,,0.0,POURING
2026-02-05T13:50:16,03,shyam,A,4.117,,,0.0,POURING
2026-02-05T13:50:17,03,shyam,A,4.117,,,0.0,POURING
2026-02-05T13:50:18,03,shyam,A,4.117,,,0.0,POURING
2026-02-05T13:50:19,03,shyam,A,4.117,,,0.0,POURING
2026-02-05T13:50:20,03,shyam,A,4.117,,,0.0,POURING
2026-02-05T13:50:21,03,shyam,A,4.117,,,0.0,POURING
2026-02-05T13:50:22,03,shyam,A,4.117,,,0.0,POURING
2026-02-05T13:50:23,03,shyam,A,4.117,,,0.0,POURING
2026-02-05T13:50:24,03,shyam,A,4.117,,,0.0,POURING
2026-02-05T13:50:25,03,shyam,A,4.117,,,0.0,POURING
2026-02-05T13:50:26,03,shyam,A,4.117,,,0.0,POURING
2026-02-05T13:50:27,03,shyam,A,4.117,,,0.0,POURING
2026-02-05T13:50:28,03,shyam,A,4.117,,,0.0,POURING
2026-02-05T13:50:29,03,shyam,A,4.117,,,0.0,POURING
2026-02-05T13:50:30,03,shyam,A,4.117,,,0.0,POURING
2026-02-05T13:50:31,03,shyam,A,4.117,,,0.0,POURING
2026-02-05T13:50:32,03,shyam,A,4.117,,,0.0,POURING
2026-02-05T13:50:33,03,shyam,A,4.117,,,0.0,POURING
2026-02-05T13:50:34,03,shyam,A,4.117,,,0.0,POURING
2026-02-05T13:50:35,03,shyam,A,4.117,,,0.0,POURING
2026-02-05T13:50:36,03,shyam,A,4.117,,,0.0,POURING
2026-02-05T13:50:37,03,shyam,A,4.117,,,0.0,POURING
2026-02-05T13:50:38,03,shyam,A,4.117,,,0.0,POURING
2026-02-05T13:50:39,03,shyam,A,4.117,,,0.0,POURING
2026-02-05T13:50:40,03,shyam,A,4.117,,,0.0,POURING
2026-02-05T13:50:41,03,shyam,A,4.117,,,0.0,POURING
2026-02-05T13:50:42,03,shyam,A,4.117,,,0.0,POURING
2026-02-05T13:50:43,03,shyam,A,4.117,,,0.0,POURING
2026-02-05T13:50:44,03,shyam,A,4.117,,,0.0,POURING
2026-02-05T13:50:45,03,shyam,A,4.117,,,0.0,POURING
2026-02-05T13:50:46,03,shyam,A,4.117,,,0.0,POURING
2026-02-05T13:50:47,03,shyam,A,4.117,,,0.0,POURING
2026-02-05T13:50:48,03,shyam,A,4.033,,,0.0,POURING
2026-02-05T13:50:49,03,shyam,A,3.661,,,0.0,POURING
2026-02-05T13:50:50,03,shyam,A,3.358,,,0.0,POURING
2026-02-05T13:50:51,03,shyam,A,3.11,,,0.0,POURING
2026-02-05T13:50:52,03,shyam,A,2.961,,,0.0,POURING
2026-02-05T13:50:53,03,shyam,A,2.817,,,0.0,POURING
2026-02-05T13:50:54,03,shyam,A,2.693,,,0.0,POURING
2026-02-05T13:50:55,03,shyam,A,2.61,,,0.0,POURING
2026-02-05T13:50:56,03,shyam,A,2.521,,,0.0,POURING
2026-02-05T13:50:57,03,shyam,A,2.445,,,0.0,POURING
2026-02-05T13:50:58,03,shyam,A,2.383,,,0.0,POURING
2026-02-05T13:51:36,03,shyam,A,2.046,,,0.0,POURING
2026-02-05T13:51:36,03,shyam,A,2.046,,,0.0,POURING
2026-02-05T13:51:37,03,shyam,A,2.046,,,0.0,POURING
2026-02-05T13:51:38,03,shyam,A,2.046,,,0.0,POURING
2026-02-05T13:51:39,03,shyam,A,2.046,,,0.0,POURING
2026-02-05T13:51:40,03,shyam,A,2.046,,,0.0,POURING
2026-02-05T13:51:41,03,shyam,A,2.045,,,0.0,POURING
2026-02-05T13:51:42,03,shyam,A,2.046,,,0.0,POURING
2026-02-05T13:51:43,03,shyam,A,2.046,,,0.0,POURING
2026-02-05T13:51:44,03,shyam,A,2.045,,,0.0,POURING
2026-02-05T13:51:45,03,shyam,A,2.044,,,0.0,POURING
2026-02-05T13:51:46,03,shyam,A,2.044,,,0.0,POURING
2026-02-05T13:51:47,03,shyam,A,2.043,,,0.0,POURING
2026-02-05T13:51:48,03,shyam,A,2.042,,,0.0,POURING
2026-02-05T13:51:49,03,shyam,A,2.044,,,0.0,POURING
2026-02-05T13:51:50,03,shyam,A,2.044,,,0.0,POURING
2026-02-05T13:51:51,03,shyam,A,2.045,,,0.0,POURING
2026-02-05T13:51:52,03,shyam,A,2.046,,,0.0,POURING
2026-02-05T13:51:53,03,shyam,A,2.045,,,0.0,POURING
2026-02-05T13:51:54,03,shyam,A,2.044,,,0.0,POURING
2026-02-05T13:51:55,03,shyam,A,2.046,,,0.0,POURING
2026-02-05T13:51:56,03,shyam,A,2.047,,,0.0,POURING
2026-02-05T13:51:57,03,shyam,A,2.046,,,0.0,POURING
2026-02-05T13:51:58,03,shyam,A,2.046,,,0.0,POURING
2026-02-05T13:51:59,03,shyam,A,2.047,,,0.0,POURING
2026-02-05T13:52:00,03,shyam,A,2.048,,,0.0,POURING
2026-02-05T13:52:01,03,shyam,A,2.048,,,0.0,POURING
2026-02-05T13:52:02,03,shyam,A,2.047,,,0.0,POURING
2026-02-05T13:52:03,03,shyam,A,2.046,,,0.0,POURING
2026-02-05T13:52:04,03,shyam,A,2.047,,,0.0,POURING
2026-02-05T13:52:05,03,shyam,A,2.046,,,0.0,POURING
2026-02-05T13:52:06,03,shyam,A,2.047,,,0.0,POURING
2026-02-05T13:52:07,03,shyam,A,2.046,,,0.0,POURING
2026-02-05T13:52:08,03,shyam,A,2.046,,,0.0,POURING
2026-02-05T13:52:09,03,shyam,A,2.047,,,0.0,POURING
2026-02-05T13:52:10,03,shyam,A,2.046,,,0.0,POURING
2026-02-05T13:52:11,03,shyam,A,2.046,,,0.0,POURING
2026-02-05T13:52:12,03,shyam,A,2.044,,,0.0,POURING
2026-02-05T13:52:13,03,shyam,A,2.046,,,0.0,POURING
2026-02-05T13:52:14,03,shyam,A,2.045,,,0.0,POURING
2026-02-05T13:52:15,03,shyam,A,2.045,,,0.0,POURING
2026-02-05T13:52:16,03,shyam,A,2.046,,,0.0,POURING
2026-02-05T13:52:17,03,shyam,A,2.043,,,0.0,POURING
2026-02-05T13:52:18,03,shyam,A,2.044,,,0.0,POURING
2026-02-05T13:52:19,03,shyam,A,2.044,,,0.0,POURING
2026-02-05T13:52:20,03,shyam,A,2.044,,,0.0,POURING
2026-02-05T13:52:21,03,shyam,A,2.044,,,0.0,POURING
2026-02-05T13:52:22,03,shyam,A,2.044,,,0.0,POURING
2026-02-05T13:52:23,03,shyam,A,2.043,,,0.0,POURING
2026-02-05T13:52:24,03,shyam,A,2.043,,,0.0,POURING
2026-02-05T13:52:25,03,shyam,A,2.042,,,0.0,POURING
2026-02-05T13:52:26,03,shyam,A,2.041,,,0.0,POURING
2026-02-05T13:52:27,03,shyam,A,2.041,,,0.0,POURING
2026-02-05T13:52:28,03,shyam,A,2.042,,,0.0,POURING
2026-02-05T13:52:29,03,shyam,A,2.043,,,0.0,POURING
2026-02-05T13:52:30,03,shyam,A,2.043,,,0.0,POURING
2026-02-05T13:52:31,03,shyam,A,2.043,,,0.0,POURING
2026-02-05T13:52:32,03,shyam,A,2.042,,,0.0,POURING
2026-02-05T13:52:33,03,shyam,A,2.042,,,0.0,POURING
2026-02-05T13:52:34,03,shyam,A,2.042,,,0.0,POURING
2026-02-05T13:52:35,03,shyam,A,2.043,,,0.0,POURING
2026-02-05T13:52:36,03,shyam,A,2.043,,,0.0,POURING
2026-02-05T13:52:37,03,shyam,A,2.044,,,0.0,POURING
2026-02-05T13:52:38,03,shyam,A,2.045,,,0.0,POURING
2026-02-05T13:52:39,03,shyam,A,2.043,,,0.0,POURING
2026-02-05T13:52:40,03,shyam,A,2.044,,,0.0,POURING
2026-02-05T13:52:41,03,shyam,A,2.046,,,0.0,POURING
2026-02-05T13:52:42,03,shyam,A,2.045,,,0.0,POURING
2026-02-05T13:52:43,03,shyam,A,2.044,,,0.0,POURING
2026-02-05T13:52:44,03,shyam,A,2.044,,,0.0,POURING
2026-02-05T13:52:45,03,shyam,A,2.044,,,0.0,POURING
2026-02-05T13:52:46,03,shyam,A,2.043,,,0.0,POURING
2026-02-05T13:53:41,03,shyam,A,2.044,,,0.0,POURING
2026-02-05T13:53:42,03,shyam,A,2.044,,,0.0,POURING
2026-02-05T13:53:43,03,shyam,A,2.044,,,0.0,POURING
2026-02-05T13:53:44,03,shyam,A,2.045,,,0.0,POURING
2026-02-05T13:53:45,03,shyam,A,2.045,,,0.0,POURING
2026-02-05T13:53:46,03,shyam,A,2.045,,,0.0,POURING
2026-02-05T13:53:47,03,shyam,A,2.045,,,0.0,POURING
2026-02-05T13:53:48,03,shyam,A,2.044,,,0.0,POURING
2026-02-05T13:53:49,03,shyam,A,2.044,,,0.0,POURING
2026-02-05T13:53:50,03,shyam,A,2.043,,,0.0,POURING
2026-02-05T13:53:51,03,shyam,A,2.042,,,0.0,POURING
2026-02-05T13:53:52,03,shyam,A,2.043,,,0.0,POURING
2026-02-05T13:53:53,03,shyam,A,2.043,,,0.0,POURING
2026-02-05T13:53:54,03,shyam,A,2.044,,,0.0,POURING
2026-02-05T13:53:55,03,shyam,A,2.043,,,0.0,POURING
2026-02-05T13:53:56,03,shyam,A,2.043,,,0.0,POURING
2026-02-05T13:53:57,03,shyam,A,2.043,,,0.0,POURING
2026-02-05T13:53:58,03,shyam,A,2.043,,,0.0,POURING
2026-02-05T13:53:59,03,shyam,A,2.043,,,0.0,POURING
2026-02-05T13:54:00,03,shyam,A,2.043,,,0.0,POURING
2026-02-05T13:54:01,03,shyam,A,2.044,,,0.0,POURING
2026-02-05T13:54:02,03,shyam,A,2.045,,,0.0,POURING
2026-02-05T13:54:03,03,shyam,A,2.044,,,0.0,POURING
2026-02-05T13:54:04,03,shyam,A,2.044,,,0.0,POURING
2026-02-05T13:54:05,03,shyam,A,2.044,,,0.0,POURING
2026-02-05T13:54:06,03,shyam,A,2.043,,,0.0,POURING
2026-02-05T13:54:07,03,shyam,A,2.043,,,0.0,POURING
2026-02-05T13:54:08,03,shyam,A,2.044,,,0.0,POURING
2026-02-05T13:54:09,03,shyam,A,2.045,,,0.0,POURING
2026-02-05T13:54:10,03,shyam,A,2.045,,,0.0,POURING
2026-02-05T13:54:11,03,shyam,A,2.046,,,0.0,POURING
2026-02-05T13:54:12,03,shyam,A,2.044,,,0.0,POURING
2026-02-05T13:54:13,03,shyam,A,2.043,,,0.0,POURING
2026-02-05T13:54:14,03,shyam,A,2.042,,,0.0,POURING
2026-02-05T13:54:15,03,shyam,A,2.042,,,0.0,POURING
2026-02-05T13:54:16,03,shyam,A,2.042,,,0.0,POURING
2026-02-05T13:54:17,03,shyam,A,2.041,,,0.0,POURING
2026-02-05T13:54:18,03,shyam,A,2.043,,,0.0,POURING
2026-02-05T13:54:19,03,shyam,A,2.044,,,0.0,POURING
2026-02-05T13:54:20,03,shyam,A,2.044,,,0.0,POURING
2026-02-05T13:54:21,03,shyam,A,2.043,,,0.0,POURING
2026-02-05T13:54:22,03,shyam,A,2.041,,,0.0,POURING
2026-02-05T13:54:23,03,shyam,A,2.039,,,0.0,POURING
2026-02-05T13:54:24,03,shyam,A,2.039,,,0.0,POURING
2026-02-05T13:54:25,03,shyam,A,2.04,,,0.0,POURING
2026-02-05T13:54:26,03,shyam,A,2.04,,,0.0,POURING
2026-02-05T13:54:27,03,shyam,A,2.039,,,0.0,POURING
2026-02-05T13:54:28,03,shyam,A,2.038,,,0.0,POURING
2026-02-05T13:54:29,03,shyam,A,2.036,,,0.0,POURING
2026-02-05T13:54:30,03,shyam,A,2.038,,,0.0,POURING
2026-02-05T13:54:31,03,shyam,A,2.038,,,0.0,POURING
2026-02-05T13:54:32,03,shyam,A,2.038,,,0.0,POURING
2026-02-05T13:54:33,03,shyam,A,2.038,,,0.0,POURING
2026-02-05T13:54:34,03,shyam,A,2.039,,,0.0,POURING
2026-02-05T13:54:35,03,shyam,A,2.039,,,0.0,POURING
2026-02-05T13:54:36,03,shyam,A,2.039,,,0.0,POURING
2026-02-05T13:54:37,03,shyam,A,2.04,,,0.0,POURING
2026-02-05T13:54:38,03,shyam,A,2.042,,,0.0,POURING
2026-02-05T13:54:39,03,shyam,A,2.041,,,0.0,POURING
2026-02-05T13:54:40,03,shyam,A,2.041,,,0.0,POURING
2026-02-05T13:54:41,03,shyam,A,2.042,,,0.0,POURING
2026-02-05T13:54:42,03,shyam,A,2.041,,,0.0,POURING
2026-02-05T13:54:43,03,shyam,A,2.04,,,0.0,POURING
2026-02-05T13:54:44,03,shyam,A,2.041,,,0.0,POURING
2026-02-05T13:54:45,03,shyam,A,2.041,,,0.0,POURING
2026-02-05T13:54:46,03,shyam,A,2.041,,,0.0,POURING
2026-02-05T13:54:47,03,shyam,A,2.041,,,0.0,POURING
2026-02-05T13:54:48,03,shyam,A,2.041,,,0.0,POURING
2026-02-05T13:54:49,03,shyam,A,2.041,,,0.0,POURING
2026-02-05T13:54:50,03,shyam,A,2.041,,,0.0,POURING
2026-02-05T13:54:51,03,shyam,A,2.042,,,0.0,POURING
2026-02-05T13:55:44,03,shyam,A,2.043,,,0.0,POURING
2026-02-05T13:55:45,03,shyam,A,2.043,,,0.0,POURING
2026-02-05T13:55:46,03,shyam,A,2.043,,,0.0,POURING
2026-02-05T13:55:47,03,shyam,A,2.043,,,0.0,POURING
2026-02-05T13:55:48,03,shyam,A,2.044,,,0.0,POURING
2026-02-05T13:55:49,03,shyam,A,2.042,,,0.0,POURING
2026-02-05T13:55:50,03,shyam,A,2.04,,,0.0,POURING
2026-02-05T13:55:51,03,shyam,A,2.04,,,0.0,POURING
2026-02-05T13:55:52,03,shyam,A,2.042,,,0.0,POURING
2026-02-05T13:55:53,03,shyam,A,2.042,,,0.0,POURING
2026-02-05T13:55:54,03,shyam,A,2.043,,,0.0,POURING
2026-02-05T13:55:55,03,shyam,A,2.042,,,0.0,POURING
2026-02-05T13:55:56,03,shyam,A,2.043,,,0.0,POURING
2026-02-05T13:55:57,03,shyam,A,2.044,,,0.0,POURING
2026-02-05T13:55:58,03,shyam,A,2.044,,,0.0,POURING
2026-02-05T13:55:59,03,shyam,A,2.044,,,0.0,POURING
2026-02-05T13:56:00,03,shyam,A,2.043,,,0.0,POURING
2026-02-05T13:56:01,03,shyam,A,2.044,,,0.0,POURING
2026-02-05T13:56:02,03,shyam,A,2.045,,,0.0,POURING
2026-02-05T13:56:03,03,shyam,A,2.046,,,0.0,POURING
2026-02-05T13:56:04,03,shyam,A,2.045,,,0.0,POURING
2026-02-05T13:56:05,03,shyam,A,2.047,,,0.0,POURING
2026-02-05T13:56:06,03,shyam,A,2.046,,,0.0,POURING
2026-02-05T13:56:07,03,shyam,A,2.045,,,0.0,POURING
2026-02-05T13:56:08,03,shyam,A,2.045,,,0.0,POURING
2026-02-05T13:56:09,03,shyam,A,2.045,,,0.0,POURING
2026-02-05T13:56:10,03,shyam,A,2.046,,,0.0,POURING
2026-02-05T13:56:11,03,shyam,A,2.046,,,0.0,POURING
2026-02-05T13:56:12,03,shyam,A,2.046,,,0.0,POURING
2026-02-05T13:56:13,03,shyam,A,2.045,,,0.0,POURING
2026-02-05T13:56:14,03,shyam,A,2.045,,,0.0,POURING
2026-02-05T13:56:15,03,shyam,A,2.043,,,0.0,POURING
2026-02-05T13:56:16,03,shyam,A,2.045,,,0.0,POURING
2026-02-05T13:56:17,03,shyam,A,2.044,,,0.0,POURING
2026-02-05T13:56:18,03,shyam,A,2.043,,,0.0,POURING
2026-02-05T13:56:19,03,shyam,A,2.042,,,0.0,POURING
2026-02-05T13:56:20,03,shyam,A,2.046,,,0.0,POURING
2026-02-05T13:56:21,03,shyam,A,2.046,,,0.0,POURING
2026-02-05T13:56:22,03,shyam,A,2.043,,,0.0,POURING
2026-02-05T13:56:23,03,shyam,A,2.042,,,0.0,POURING
2026-02-05T13:56:24,03,shyam,A,2.043,,,0.0,POURING
2026-02-05T13:56:25,03,shyam,A,2.044,,,0.0,POURING
2026-02-05T13:56:26,03,shyam,A,2.046,,,0.0,POURING
2026-02-05T13:56:27,03,shyam,A,2.046,,,0.0,POURING
2026-02-05T13:56:28,03,shyam,A,2.046,,,0.0,POURING
2026-02-05T13:56:29,03,shyam,A,2.047,,,0.0,POURING
2026-02-05T13:56:30,03,shyam,A,2.047,,,0.0,POURING
2026-02-05T13:56:31,03,shyam,A,2.048,,,0.0,POURING
2026-02-05T13:56:32,03,shyam,A,2.048,,,0.0,POURING
2026-02-05T13:56:33,03,shyam,A,2.049,,,0.0,POURING
2026-02-05T13:56:34,03,shyam,A,2.048,,,0.0,POURING
2026-02-05T13:56:35,03,shyam,A,2.047,,,0.0,POURING
2026-02-05T13:56:36,03,shyam,A,2.047,,,0.0,POURING
2026-02-05T13:56:37,03,shyam,A,2.048,,,0.0,POURING
2026-02-05T13:56:38,03,shyam,A,2.048,,,0.0,POURING
2026-02-05T13:56:39,03,shyam,A,2.047,,,0.0,POURING
2026-02-05T13:56:40,03,shyam,A,2.046,,,0.0,POURING
2026-02-05T13:56:41,03,shyam,A,2.045,,,0.0,POURING
2026-02-05T13:56:42,03,shyam,A,2.045,,,0.0,POURING
2026-02-05T13:56:43,03,shyam,A,2.045,,,0.0,POURING
2026-02-05T13:56:44,03,shyam,A,2.044,,,0.0,POURING
2026-02-05T13:56:45,03,shyam,A,2.043,,,0.0,POURING
2026-02-05T13:56:46,03,shyam,A,2.041,,,0.0,POURING
2026-02-05T13:56:47,03,shyam,A,2.041,,,0.0,POURING
2026-02-05T13:56:48,03,shyam,A,2.041,,,0.0,POURING
2026-02-05T13:56:49,03,shyam,A,2.041,,,0.0,POURING
2026-02-05T13:56:50,03,shyam,A,2.041,,,0.0,POURING
2026-02-05T13:56:51,03,shyam,A,2.041,,,0.0,POURING
2026-02-05T13:56:52,03,shyam,A,2.042,,,0.0,POURING
2026-02-05T13:56:53,03,shyam,A,2.041,,,0.0,POURING
2026-02-05T13:56:54,03,shyam,A,2.04,,,0.0,POURING
2026-02-05T13:56:55,03,shyam,A,2.041,,,0.0,POURING
2026-02-05T13:56:56,03,shyam,A,2.042,,,0.0,POURING
2026-02-05T13:56:57,03,shyam,A,2.041,,,0.0,POURING
2026-02-05T13:56:58,03,shyam,A,2.041,,,0.0,POURING
2026-02-05T13:56:59,03,shyam,A,2.04,,,0.0,POURING
2026-02-05T13:57:00,03,shyam,A,2.042,,,0.0,POURING
2026-02-05T13:57:01,03,shyam,A,2.042,,,0.0,POURING
2026-02-05T13:57:02,03,shyam,A,2.041,,,0.0,POURING
2026-02-05T13:57:03,03,shyam,A,2.042,,,0.0,POURING
2026-02-05T13:57:04,03,shyam,A,2.041,,,0.0,POURING
2026-02-05T13:57:05,03,shyam,A,2.041,,,0.0,POURING
2026-02-05T13:57:06,03,shyam,A,2.044,,,0.0,POURING
2026-02-05T13:57:07,03,shyam,A,2.043,,,0.0,POURING
2026-02-05T13:57:08,03,shyam,A,2.044,,,0.0,POURING
2026-02-05T13:57:09,03,shyam,A,2.043,,,0.0,POURING
2026-02-05T13:57:10,03,shyam,A,2.043,,,0.0,POURING
2026-02-05T13:57:11,03,shyam,A,2.043,,,0.0,POURING
2026-02-05T13:57:12,03,shyam,A,2.044,,,0.0,POURING
2026-02-05T13:57:13,03,shyam,A,2.045,,,0.0,POURING
2026-02-05T13:57:14,03,shyam,A,2.047,,,0.0,POURING
2026-02-05T13:57:15,03,shyam,A,2.047,,,0.0,POURING
2026-02-05T13:57:16,03,shyam,A,2.046,,,0.0,POURING
2026-02-05T13:57:17,03,shyam,A,2.046,,,0.0,POURING
2026-02-05T13:57:18,03,shyam,A,2.046,,,0.0,POURING
2026-02-05T13:57:19,03,shyam,A,2.046,,,0.0,POURING
2026-02-05T13:57:20,03,shyam,A,2.045,,,0.0,POURING
2026-02-05T13:57:21,03,shyam,A,2.042,,,0.0,POURING
2026-02-05T13:57:22,03,shyam,A,2.043,,,0.0,POURING
2026-02-05T13:57:23,03,shyam,A,2.042,,,0.0,POURING
2026-02-05T13:57:24,03,shyam,A,2.042,,,0.0,POURING
2026-02-05T13:57:25,03,shyam,A,2.041,,,0.0,POURING
2026-02-05T13:57:26,03,shyam,A,2.042,,,0.0,POURING
2026-02-05T13:57:27,03,shyam,A,2.042,,,0.0,POURING
2026-02-05T13:57:28,03,shyam,A,2.041,,,0.0,POURING
2026-02-05T13:57:29,03,shyam,A,2.041,,,0.0,POURING
2026-02-05T13:57:30,03,shyam,A,2.04,,,0.0,POURING
2026-02-05T13:57:31,03,shyam,A,2.038,,,0.0,POURING
2026-02-05T13:57:32,03,shyam,A,2.038,,,0.0,POURING
2026-02-05T13:57:33,03,shyam,A,2.038,,,0.0,POURING
2026-02-05T13:57:34,03,shyam,A,2.039,,,0.0,POURING
2026-02-05T13:57:35,03,shyam,A,2.041,,,0.0,POURING
2026-02-05T13:57:36,03,shyam,A,2.04,,,0.0,POURING
2026-02-05T13:57:37,03,shyam,A,2.041,,,0.0,POURING
2026-02-05T13:57:38,03,shyam,A,2.041,,,0.0,POURING
2026-02-05T13:57:39,03,shyam,A,2.04,,,0.0,POURING
2026-02-05T13:57:40,03,shyam,A,2.042,,,0.0,POURING
2026-02-05T13:57:41,03,shyam,A,2.042,,,0.0,POURING
2026-02-05T13:57:42,03,shyam,A,2.04,,,0.0,POURING
2026-02-05T13:57:43,03,shyam,A,2.04,,,0.0,POURING
2026-02-05T13:57:44,03,shyam,A,2.04,,,0.0,POURING
2026-02-05T13:57:45,03,shyam,A,2.043,,,0.0,POURING
2026-02-05T13:57:46,03,shyam,A,2.043,,,0.0,POURING
2026-02-05T13:57:47,03,shyam,A,2.043,,,0.0,POURING
2026-02-05T13:57:48,03,shyam,A,2.042,,,0.0,POURING
2026-02-05T13:57:49,03,shyam,A,2.043,,,0.0,POURING
2026-02-05T13:57:50,03,shyam,A,2.041,,,0.0,POURING
2026-02-05T13:57:51,03,shyam,A,2.041,,,0.0,POURING
2026-02-05T13:57:52,03,shyam,A,2.041,,,0.0,POURING
2026-02-05T13:57:53,03,shyam,A,2.042,,,0.0,POURING
2026-02-05T13:57:54,03,shyam,A,2.042,,,0.0,POURING
2026-02-05T13:57:55,03,shyam,A,2.041,,,0.0,POURING
2026-02-05T13:57:56,03,shyam,A,2.041,,,0.0,POURING
2026-02-05T13:57:57,03,shyam,A,2.04,,,0.0,POURING
